{
  "args": {
    "outdir": "outputs/cell_classes",
    "grid": "fast",
    "sigma_in": 0.2,
    "sigma_out": 2.0,
    "P0": 50.0,
    "kmax": 4,
    "condition_set": "cycle_pair",
    "early_A_values": "1,2,4,6,8",
    "late_D_values": "0.0375,0.075,0.15,0.3,0.6",
    "early_weight": 0.5,
    "late_weight": 0.5,
    "n_saccades": 32,
    "n_orientations": 12,
    "saccade_window": 0.15,
    "optimizer": "fast",
    "steps": 1600,
    "restarts": 2,
    "lr": 0.05,
    "smooth": 0.0,
    "entropy": 0.0,
    "device": "auto",
    "dtype": "float32",
    "patience": 20,
    "check_every": 25,
    "torch_threads": 1,
    "alpha_mode": "softmax",
    "alpha_floor": 0.0,
    "gain_delta_max": 0.5,
    "learn_baseline_mix": false,
    "baseline_mix_weight": 0.0,
    "kl_to_baseline_weight": 0.0,
    "share_floor": 0.0,
    "share_floor_weight": 0.0
  },
  "J_star": 1.6663841764330465,
  "fits": {
    "1": {
      "J": 1.618538737297058,
      "regret": 0.02871213001938317,
      "centroids": [
        {
          "class": 0,
          "f_centroid": 2.472029876666194,
          "omega_centroid": 9.282337982166716
        }
      ],
      "summary": [
        {
          "class": 0,
          "f_centroid": 2.4720298766686657,
          "omega_centroid": 9.282337982175997,
          "high_f_fraction": 0.8767595904241238,
          "high_omega_fraction": 0.009090573542170825,
          "f_cut": 1.0,
          "omega_cut": 50.0
        }
      ]
    },
    "2": {
      "J": 1.6663799285888672,
      "regret": 2.5491385716272585e-06,
      "centroids": [
        {
          "class": 0,
          "f_centroid": 2.4997897232133894,
          "omega_centroid": 9.083119643380902
        },
        {
          "class": 1,
          "f_centroid": 2.469536570083553,
          "omega_centroid": 10.753870414268896
        }
      ],
      "summary": [
        {
          "class": 0,
          "f_centroid": 2.4997897232158897,
          "omega_centroid": 9.083119643389985,
          "high_f_fraction": 0.819022923346311,
          "high_omega_fraction": 0.027139169476770347,
          "f_cut": 1.0,
          "omega_cut": 50.0
        },
        {
          "class": 1,
          "f_centroid": 2.469536570086022,
          "omega_centroid": 10.75387041427965,
          "high_f_fraction": 0.9204278055403439,
          "high_omega_fraction": 3.9268930691418626e-06,
          "f_cut": 1.0,
          "omega_cut": 50.0
        }
      ]
    },
    "3": {
      "J": 1.6663801670074463,
      "regret": 2.4060631737247738e-06,
      "centroids": [
        {
          "class": 0,
          "f_centroid": 2.78248976484122,
          "omega_centroid": 6.597991040306247
        },
        {
          "class": 1,
          "f_centroid": 2.4693150146760123,
          "omega_centroid": 10.757119380302218
        },
        {
          "class": 2,
          "f_centroid": 2.4899505594433875,
          "omega_centroid": 9.168831461382352
        }
      ],
      "summary": [
        {
          "class": 0,
          "f_centroid": 2.7824897648440023,
          "omega_centroid": 6.597991040312844,
          "high_f_fraction": 0.8797928515473523,
          "high_omega_fraction": 0.003999666243042457,
          "f_cut": 1.0,
          "omega_cut": 50.0
        },
        {
          "class": 1,
          "f_centroid": 2.469315014678482,
          "omega_centroid": 10.757119380312975,
          "high_f_fraction": 0.9204427151010276,
          "high_omega_fraction": 4.01409639527733e-06,
          "f_cut": 1.0,
          "omega_cut": 50.0
        },
        {
          "class": 2,
          "f_centroid": 2.489950559445877,
          "omega_centroid": 9.16883146139152,
          "high_f_fraction": 0.8169287859228623,
          "high_omega_fraction": 0.027934314604287358,
          "f_cut": 1.0,
          "omega_cut": 50.0
        }
      ]
    },
    "4": {
      "J": 1.6663795709609985,
      "regret": 2.7637516684809857e-06,
      "centroids": [
        {
          "class": 0,
          "f_centroid": 3.285281865973148,
          "omega_centroid": 5.347661897342263
        },
        {
          "class": 1,
          "f_centroid": 2.4666228489050126,
          "omega_centroid": 10.774296790889649
        },
        {
          "class": 2,
          "f_centroid": 2.4914804678397955,
          "omega_centroid": 9.122581926355863
        },
        {
          "class": 3,
          "f_centroid": 3.251391323704583,
          "omega_centroid": 5.359922686670945
        }
      ],
      "summary": [
        {
          "class": 0,
          "f_centroid": 3.285281865976433,
          "omega_centroid": 5.347661897347611,
          "high_f_fraction": 0.9137573802897954,
          "high_omega_fraction": 0.0013712058817963448,
          "f_cut": 1.0,
          "omega_cut": 50.0
        },
        {
          "class": 1,
          "f_centroid": 2.4666228489074795,
          "omega_centroid": 10.774296790900424,
          "high_f_fraction": 0.9204407629751656,
          "high_omega_fraction": 4.021009403004394e-06,
          "f_cut": 1.0,
          "omega_cut": 50.0
        },
        {
          "class": 2,
          "f_centroid": 2.491480467842287,
          "omega_centroid": 9.122581926364985,
          "high_f_fraction": 0.8180151669499005,
          "high_omega_fraction": 0.027408505586469335,
          "f_cut": 1.0,
          "omega_cut": 50.0
        },
        {
          "class": 3,
          "f_centroid": 3.2513913237078347,
          "omega_centroid": 5.359922686676305,
          "high_f_fraction": 0.9143391265037305,
          "high_omega_fraction": 0.0012749916173410043,
          "f_cut": 1.0,
          "omega_cut": 50.0
        }
      ]
    }
  }
}