{
  "args": {
    "outdir": "outputs/information_power_curve",
    "condition_set": "movement_sweep",
    "grid": "fast",
    "k_values": "1,2,3,4",
    "power_fracs": "0.05,0.075,0.1,0.15,0.25,0.4,0.6,0.8,1.0",
    "fit_mode": "fixed-H",
    "P_ref": 50.0,
    "sigma_in": 0.2,
    "sigma_out": 1.0,
    "early_A_values": "0.5,1,2,4,7",
    "late_D_values": "0.075,0.1,0.15,0.3,0.6",
    "early_weight": 0.5,
    "late_weight": 0.5,
    "n_saccades": 32,
    "n_orientations": 12,
    "saccade_window": 0.15,
    "steps_H": 1500,
    "steps_alpha": 400,
    "restarts": 2,
    "lr": 0.05,
    "smooth": 0.0,
    "entropy": 0.0,
    "device": "auto",
    "dtype": "float32",
    "patience": 20,
    "check_every": 25,
    "torch_threads": 1,
    "alpha_mode": "bounded_log_gain",
    "alpha_floor": 0.0,
    "gain_delta_max": 0.5,
    "learn_baseline_mix": false,
    "baseline_mix_weight": 0.0,
    "kl_to_baseline_weight": 0.0,
    "share_floor": 0.0,
    "share_floor_weight": 0.0
  },
  "J_oracle_ref": 2.9295063576375484,
  "P_values": [
    2.5,
    3.75,
    5.0,
    7.5,
    12.5,
    20.0,
    30.0,
    40.0,
    50.0
  ],
  "power_fracs": [
    0.05,
    0.075,
    0.1,
    0.15,
    0.25,
    0.4,
    0.6,
    0.8,
    1.0
  ],
  "K_values": [
    1,
    2,
    3,
    4
  ],
  "J_oracle_P": [
    0.9048686296610654,
    1.1332326500550076,
    1.311484023866575,
    1.5810093509200178,
    1.940970566270966,
    2.2805211132914613,
    2.5719550997702942,
    2.7750448722684373,
    2.9295063576375484
  ],
  "J_KP": {
    "1": [
      0.6272048950195312,
      0.8408036231994629,
      1.0189191102981567,
      1.3038328886032104,
      1.7045118808746338,
      2.0901341438293457,
      2.415109634399414,
      2.632673978805542,
      2.7910311222076416
    ],
    "2": [
      0.6920573711395264,
      0.9132351875305176,
      1.0948516130447388,
      1.3822529315948486,
      1.783658742904663,
      2.167290449142456,
      2.487913131713867,
      2.7009031772613525,
      2.854923963546753
    ],
    "3": [
      0.6812173128128052,
      0.9025719165802002,
      1.0848922729492188,
      1.375672459602356,
      1.781753420829773,
      2.1709890365600586,
      2.4984540939331055,
      2.7176103591918945,
      2.8772289752960205
    ],
    "4": [
      0.6919795870780945,
      0.9153989553451538,
      1.0988593101501465,
      1.3878196477890015,
      1.790132999420166,
      2.1758341789245605,
      2.500365734100342,
      2.718050479888916,
      2.8768739700317383
    ]
  },
  "retention_KP": {
    "1": [
      0.2140991752362436,
      0.28701204931929725,
      0.3478125615401794,
      0.44506914456900676,
      0.581842697296349,
      0.7134765686307981,
      0.8244083949853719,
      0.8986749497716121,
      0.9527308636593717
    ],
    "2": [
      0.236236855856365,
      0.3117368853457553,
      0.37373245843632974,
      0.4718381743706279,
      0.6088598300032586,
      0.7398142159658023,
      0.8492601919868177,
      0.9219652895511894,
      0.9745409686869766
    ],
    "3": [
      0.23253655382477528,
      0.30809693046990494,
      0.37033279348269177,
      0.4695919010436093,
      0.6082094398547878,
      0.7410767451997669,
      0.8528583962343547,
      0.9276683602705905,
      0.9821548834651835
    ],
    "4": [
      0.23621030392169207,
      0.3124754970947945,
      0.3751005036344428,
      0.4737383976555646,
      0.6110698462056894,
      0.7427306560547032,
      0.8535109430916955,
      0.9278185974243259,
      0.9820337008422625
    ]
  },
  "matched_regret_KP": {
    "1": [
      0.3068552998080374,
      0.2580485364954408,
      0.22307928136697047,
      0.1753161435481159,
      0.12182497226149167,
      0.08348397581258582,
      0.06098297181972124,
      0.05130399687790109,
      0.04726913634062834
    ],
    "2": [
      0.23518470145357043,
      0.1941326545028607,
      0.16518112830925002,
      0.12571489169846417,
      0.08104802107768884,
      0.04965122378787373,
      0.03267629674558976,
      0.02671729590681475,
      0.025459031313023402
    ],
    "3": [
      0.24716440543643645,
      0.20354225892062944,
      0.17277507525353492,
      0.12987708845502566,
      0.08202965475519003,
      0.0480294070039614,
      0.028577872857793386,
      0.020696787158469777,
      0.017845116534816508
    ],
    "4": [
      0.23527066317097575,
      0.1922232779820455,
      0.16212527933779855,
      0.12219390291309522,
      0.07771244421320223,
      0.045904830153405955,
      0.0278346094285807,
      0.020538187670072417,
      0.017966299157737495
    ]
  },
  "max_budget_share_KP": {
    "1": [
      0.9999998807907104,
      0.9999998807907104,
      0.9999998807907104,
      0.9999998807907104,
      0.9999998807907104,
      0.9999998807907104,
      0.9999998807907104,
      0.9999998807907104,
      0.9999998807907104
    ],
    "2": [
      0.801453173160553,
      0.8014331459999084,
      0.80141681432724,
      0.801379919052124,
      0.8013370633125305,
      0.8012677431106567,
      0.801163911819458,
      0.8010265827178955,
      0.8009028434753418
    ],
    "3": [
      0.6707422733306885,
      0.6707107424736023,
      0.6706722378730774,
      0.6706230640411377,
      0.6705410480499268,
      0.6704164147377014,
      0.6702657341957092,
      0.670111358165741,
      0.6699227094650269
    ],
    "4": [
      0.4466633200645447,
      0.44919800758361816,
      0.47578009963035583,
      0.5033689141273499,
      0.43860408663749695,
      0.43903204798698425,
      0.43907275795936584,
      0.43906185030937195,
      0.4390375316143036
    ]
  }
}