{
  "args": {
    "outdir": "outputs/information_power_curve",
    "condition_set": "movement_sweep",
    "grid": "fast",
    "k_values": "1,2,3",
    "power_fracs": "0.05,0.075,0.1,0.15,0.25,0.4,0.6,0.8,1.0",
    "fit_mode": "full-refit",
    "P_ref": 50.0,
    "sigma_in": 0.3,
    "sigma_out": 1.0,
    "early_A_values": "1,2,4,6,8",
    "late_D_values": "0.0375,0.075,0.15,0.3,0.6",
    "early_weight": 0.5,
    "late_weight": 0.5,
    "n_saccades": 32,
    "n_orientations": 12,
    "saccade_window": 0.15,
    "steps_H": 1500,
    "steps_alpha": 400,
    "restarts": 2,
    "lr": 0.05,
    "smooth": 0.0,
    "entropy": 0.0,
    "device": "auto",
    "dtype": "float32",
    "patience": 20,
    "check_every": 25,
    "torch_threads": 1,
    "alpha_mode": "bounded_log_gain",
    "alpha_floor": 0.0,
    "gain_delta_max": 0.5,
    "learn_baseline_mix": false,
    "baseline_mix_weight": 0.0,
    "kl_to_baseline_weight": 0.0,
    "share_floor": 0.0,
    "share_floor_weight": 0.0
  },
  "J_oracle_ref": 1.5651157372411775,
  "P_values": [
    2.5,
    3.75,
    5.0,
    7.5,
    12.5,
    20.0,
    30.0,
    40.0,
    50.0
  ],
  "power_fracs": [
    0.05,
    0.075,
    0.1,
    0.15,
    0.25,
    0.4,
    0.6,
    0.8,
    1.0
  ],
  "K_values": [
    1,
    2,
    3
  ],
  "J_oracle_P": [
    0.5321538152909463,
    0.6443294448666472,
    0.7306761473814695,
    0.8611121905677104,
    1.0379911320528037,
    1.2106364606338693,
    1.3652480623499053,
    1.477308849158472,
    1.5651157372411775
  ],
  "J_KP": {
    "1": [
      0.469399094581604,
      0.5735913515090942,
      0.6550358533859253,
      0.7797147035598755,
      0.9518030881881714,
      1.1224093437194824,
      1.27711021900177,
      1.3902490139007568,
      1.4795641899108887
    ],
    "2": [
      0.4969170093536377,
      0.6048972010612488,
      0.6887619495391846,
      0.8163582682609558,
      0.99092036485672,
      1.1626088619232178,
      1.317347526550293,
      1.4298956394195557,
      1.5181047916412354
    ],
    "3": [
      0.49867522716522217,
      0.607377290725708,
      0.6918261051177979,
      0.8203273415565491,
      0.9962313175201416,
      1.1691561937332153,
      1.324905276298523,
      1.4383411407470703,
      1.527680516242981
    ]
  },
  "retention_KP": {
    "1": [
      0.2999133440502053,
      0.3664849428452883,
      0.41852230975618077,
      0.49818341545416645,
      0.6081359132366214,
      0.7171414337050551,
      0.8159845234531514,
      0.8882723371955499,
      0.9453385169578001
    ],
    "2": [
      0.317495375919963,
      0.38648720134109593,
      0.44007093734375335,
      0.5215961023431704,
      0.6331291298644859,
      0.7428261273332688,
      0.8416933618419655,
      0.9136037708879129,
      0.9699632784455876
    ],
    "3": [
      0.31861875470259776,
      0.388071805984348,
      0.4420287194461904,
      0.5241320638705841,
      0.6365224588925251,
      0.7470094165649894,
      0.8465222377956071,
      0.9189998582995708,
      0.9760814998485777
    ]
  },
  "matched_regret_KP": {
    "1": [
      0.11792590583050164,
      0.1097855979128708,
      0.10352095694736575,
      0.09452599545033906,
      0.08303350693775274,
      0.07287663950596088,
      0.06455811641763459,
      0.05893137058463273,
      0.05466148304219989
    ],
    "2": [
      0.06621545298523034,
      0.061198885321094534,
      0.05736357754730762,
      0.05197223172191929,
      0.04534794734035279,
      0.039671363181565736,
      0.03508559149109098,
      0.03209431106157974,
      0.030036721554412397
    ],
    "3": [
      0.06291148755068168,
      0.05734978346145111,
      0.05316998837706534,
      0.04736299109210479,
      0.04023137890405187,
      0.03426318985877527,
      0.029549784514576138,
      0.026377496102862403,
      0.023918500151422294
    ]
  },
  "max_budget_share_KP": {
    "1": [
      0.9999999403953552,
      0.9999998807907104,
      0.9999998807907104,
      0.9999999403953552,
      0.9999999403953552,
      0.9999999403953552,
      0.9999999403953552,
      0.9999999403953552,
      0.9999999403953552
    ],
    "2": [
      0.8384183049201965,
      0.8254981637001038,
      0.8168079853057861,
      0.8047484755516052,
      0.7913888096809387,
      0.7799977660179138,
      0.7716911435127258,
      0.7666197419166565,
      0.763222336769104
    ],
    "3": [
      0.6973896622657776,
      0.6855062246322632,
      0.6747879385948181,
      0.658777117729187,
      0.6432266235351562,
      0.6315593719482422,
      0.6216529011726379,
      0.6148586869239807,
      0.6103744506835938
    ]
  }
}