{
  "args": {
    "outdir": "outputs/cell_classes_movement_sweep",
    "grid": "fast",
    "sigma_in": 0.2,
    "sigma_out": 1.0,
    "P0": 50.0,
    "kmax": 4,
    "condition_set": "movement_sweep",
    "early_A_values": "0.5,1,2,4,7",
    "late_D_values": "0.075,0.1,0.15,0.3,0.6",
    "early_weight": 0.5,
    "late_weight": 0.5,
    "n_saccades": 32,
    "n_orientations": 12,
    "saccade_window": 0.15,
    "optimizer": "fast",
    "steps": 1600,
    "restarts": 2,
    "lr": 0.05,
    "smooth": 0.0,
    "entropy": 0.0,
    "device": "auto",
    "dtype": "float32",
    "patience": 20,
    "check_every": 25,
    "torch_threads": 1,
    "alpha_mode": "softmax",
    "alpha_floor": 0.0,
    "gain_delta_max": 0.5,
    "learn_baseline_mix": false,
    "baseline_mix_weight": 0.0,
    "kl_to_baseline_weight": 0.0,
    "share_floor": 0.0,
    "share_floor_weight": 0.0
  },
  "J_star": 2.9295063576375484,
  "fits": {
    "1": {
      "J": 2.791031837463379,
      "regret": 0.047268892184907214,
      "centroids": [
        {
          "class": 0,
          "f_centroid": 2.2869313148371835,
          "omega_centroid": 26.757800082866243
        }
      ],
      "summary": [
        {
          "class": 0,
          "f_centroid": 2.28693131483947,
          "omega_centroid": 26.757800082893002,
          "high_f_fraction": 0.8612420893170548,
          "high_omega_fraction": 0.17305918808694837,
          "f_cut": 1.0,
          "omega_cut": 50.0
        }
      ]
    },
    "2": {
      "J": 2.88067889213562,
      "regret": 0.01666747210656487,
      "centroids": [
        {
          "class": 0,
          "f_centroid": 1.8697835032000112,
          "omega_centroid": 45.378947325021976
        },
        {
          "class": 1,
          "f_centroid": 2.643359486384713,
          "omega_centroid": 11.42987686510686
        }
      ],
      "summary": [
        {
          "class": 0,
          "f_centroid": 1.8697835032018812,
          "omega_centroid": 45.37894732506736,
          "high_f_fraction": 0.855614054072564,
          "high_omega_fraction": 0.3623846112765167,
          "f_cut": 1.0,
          "omega_cut": 50.0
        },
        {
          "class": 1,
          "f_centroid": 2.643359486387357,
          "omega_centroid": 11.42987686511829,
          "high_f_fraction": 0.852361029040881,
          "high_omega_fraction": 0.027319066670385347,
          "f_cut": 1.0,
          "omega_cut": 50.0
        }
      ]
    },
    "3": {
      "J": 2.9211044311523438,
      "regret": 0.002868034904003503,
      "centroids": [
        {
          "class": 0,
          "f_centroid": 1.6337669988802799,
          "omega_centroid": 61.69061389513497
        },
        {
          "class": 1,
          "f_centroid": 2.5974277666064376,
          "omega_centroid": 11.637999536402559
        },
        {
          "class": 2,
          "f_centroid": 2.472644937631929,
          "omega_centroid": 28.529382649269106
        }
      ],
      "summary": [
        {
          "class": 0,
          "f_centroid": 1.6337669988819137,
          "omega_centroid": 61.69061389519666,
          "high_f_fraction": 0.8030615302193053,
          "high_omega_fraction": 0.5277354384936174,
          "f_cut": 1.0,
          "omega_cut": 50.0
        },
        {
          "class": 1,
          "f_centroid": 2.5974277666090346,
          "omega_centroid": 11.637999536414195,
          "high_f_fraction": 0.8336568920888456,
          "high_omega_fraction": 0.03513253159173164,
          "f_cut": 1.0,
          "omega_cut": 50.0
        },
        {
          "class": 2,
          "f_centroid": 2.4726449376344015,
          "omega_centroid": 28.529382649297634,
          "high_f_fraction": 0.9241195554176611,
          "high_omega_fraction": 0.15846217778086355,
          "f_cut": 1.0,
          "omega_cut": 50.0
        }
      ]
    },
    "4": {
      "J": 2.9244728088378906,
      "regret": 0.0017182242279607152,
      "centroids": [
        {
          "class": 0,
          "f_centroid": 1.6324455369604252,
          "omega_centroid": 61.8225263045575
        },
        {
          "class": 1,
          "f_centroid": 2.6480055754164127,
          "omega_centroid": 10.627888063926505
        },
        {
          "class": 2,
          "f_centroid": 2.468208735192279,
          "omega_centroid": 28.680003488066994
        },
        {
          "class": 3,
          "f_centroid": 2.555615648338692,
          "omega_centroid": 13.461864191036618
        }
      ],
      "summary": [
        {
          "class": 0,
          "f_centroid": 1.6324455369620576,
          "omega_centroid": 61.822526304619316,
          "high_f_fraction": 0.8028717534400978,
          "high_omega_fraction": 0.5288274196876814,
          "f_cut": 1.0,
          "omega_cut": 50.0
        },
        {
          "class": 1,
          "f_centroid": 2.648005575419061,
          "omega_centroid": 10.627888063937132,
          "high_f_fraction": 0.856574662555516,
          "high_omega_fraction": 0.020711452774671645,
          "f_cut": 1.0,
          "omega_cut": 50.0
        },
        {
          "class": 2,
          "f_centroid": 2.4682087351947466,
          "omega_centroid": 28.68000348809567,
          "high_f_fraction": 0.9233609917246961,
          "high_omega_fraction": 0.16020894296887842,
          "f_cut": 1.0,
          "omega_cut": 50.0
        },
        {
          "class": 3,
          "f_centroid": 2.5556156483412478,
          "omega_centroid": 13.46186419105008,
          "high_f_fraction": 0.8170963023530109,
          "high_omega_fraction": 0.05034963787856985,
          "f_cut": 1.0,
          "omega_cut": 50.0
        }
      ]
    }
  }
}