{
  "args": {
    "outdir": "outputs/cell_classes_movement_sweep",
    "grid": "fast",
    "sigma_in": 0.3,
    "sigma_out": 1.0,
    "P0": 50.0,
    "kmax": 4,
    "condition_set": "movement_sweep",
    "early_A_values": "1,2,4,6,8",
    "late_D_values": "0.0375,0.075,0.15,0.3,0.6",
    "early_weight": 0.5,
    "late_weight": 0.5,
    "n_saccades": 32,
    "n_orientations": 12,
    "saccade_window": 0.15,
    "optimizer": "fast",
    "steps": 1600,
    "restarts": 2,
    "lr": 0.05,
    "smooth": 0.0,
    "entropy": 0.0,
    "device": "auto",
    "dtype": "float32",
    "patience": 20,
    "check_every": 25,
    "torch_threads": 1
  },
  "J_star": 1.5651157372411775,
  "fits": {
    "1": {
      "J": 1.4795646667480469,
      "regret": 0.054661178376450986,
      "centroids": [
        {
          "class": 0,
          "f_centroid": 1.7467272228341693,
          "omega_centroid": 54.165812656852864
        }
      ],
      "summary": [
        {
          "class": 0,
          "f_centroid": 1.746727222835916,
          "omega_centroid": 54.16581265690703,
          "high_f_fraction": 0.711852610504631,
          "high_omega_fraction": 0.33012978802647414,
          "f_cut": 1.0,
          "omega_cut": 50.0
        }
      ]
    },
    "2": {
      "J": 1.5354928970336914,
      "regret": 0.018926932687867618,
      "centroids": [
        {
          "class": 0,
          "f_centroid": 2.4442459014022577,
          "omega_centroid": 21.01907098008264
        },
        {
          "class": 1,
          "f_centroid": 1.4601741691796652,
          "omega_centroid": 76.82959233381277
        }
      ],
      "summary": [
        {
          "class": 0,
          "f_centroid": 2.444245901404702,
          "omega_centroid": 21.019070980103656,
          "high_f_fraction": 0.9125172174290082,
          "high_omega_fraction": 0.07439453146829494,
          "f_cut": 1.0,
          "omega_cut": 50.0
        },
        {
          "class": 1,
          "f_centroid": 1.4601741691811256,
          "omega_centroid": 76.82959233388961,
          "high_f_fraction": 0.6155922341086785,
          "high_omega_fraction": 0.473731363747463,
          "f_cut": 1.0,
          "omega_cut": 50.0
        }
      ]
    },
    "3": {
      "J": 1.5549153089523315,
      "regret": 0.006517363570074492,
      "centroids": [
        {
          "class": 0,
          "f_centroid": 2.685070013542957,
          "omega_centroid": 19.30194869928635
        },
        {
          "class": 1,
          "f_centroid": 1.5117403375548766,
          "omega_centroid": 81.55503128777632
        },
        {
          "class": 2,
          "f_centroid": 1.639232760072185,
          "omega_centroid": 50.87326776675422
        }
      ],
      "summary": [
        {
          "class": 0,
          "f_centroid": 2.685070013545642,
          "omega_centroid": 19.30194869930565,
          "high_f_fraction": 0.93350449652302,
          "high_omega_fraction": 0.04180039716563105,
          "f_cut": 1.0,
          "omega_cut": 50.0
        },
        {
          "class": 1,
          "f_centroid": 1.5117403375563883,
          "omega_centroid": 81.55503128785787,
          "high_f_fraction": 0.5902947268873248,
          "high_omega_fraction": 0.4589787018051634,
          "f_cut": 1.0,
          "omega_cut": 50.0
        },
        {
          "class": 2,
          "f_centroid": 1.6392327600738241,
          "omega_centroid": 50.873267766805085,
          "high_f_fraction": 0.7915624637619635,
          "high_omega_fraction": 0.4295413389834987,
          "f_cut": 1.0,
          "omega_cut": 50.0
        }
      ]
    },
    "4": {
      "J": 1.5583159923553467,
      "regret": 0.004344563615350692,
      "centroids": [
        {
          "class": 0,
          "f_centroid": 2.6841323127898384,
          "omega_centroid": 19.34309855076233
        },
        {
          "class": 1,
          "f_centroid": 1.409748733974244,
          "omega_centroid": 89.8337820491068
        },
        {
          "class": 2,
          "f_centroid": 1.6477305542288234,
          "omega_centroid": 51.06936423895295
        },
        {
          "class": 3,
          "f_centroid": 1.7549561885836424,
          "omega_centroid": 59.129754624119144
        }
      ],
      "summary": [
        {
          "class": 0,
          "f_centroid": 2.6841323127925225,
          "omega_centroid": 19.343098550781676,
          "high_f_fraction": 0.9331784251850807,
          "high_omega_fraction": 0.04190837705297682,
          "f_cut": 1.0,
          "omega_cut": 50.0
        },
        {
          "class": 1,
          "f_centroid": 1.409748733975654,
          "omega_centroid": 89.83378204919664,
          "high_f_fraction": 0.5591105400188124,
          "high_omega_fraction": 0.5005516701549366,
          "f_cut": 1.0,
          "omega_cut": 50.0
        },
        {
          "class": 2,
          "f_centroid": 1.6477305542304712,
          "omega_centroid": 51.069364239004024,
          "high_f_fraction": 0.7953404977532985,
          "high_omega_fraction": 0.43366218569520726,
          "f_cut": 1.0,
          "omega_cut": 50.0
        },
        {
          "class": 3,
          "f_centroid": 1.7549561885853973,
          "omega_centroid": 59.129754624178275,
          "high_f_fraction": 0.685395117817603,
          "high_omega_fraction": 0.36023459325359586,
          "f_cut": 1.0,
          "omega_cut": 50.0
        }
      ]
    }
  }
}