{
  "args": {
    "outdir": "outputs/cell_classes_movement_sweep",
    "grid": "fast",
    "sigma_in": 0.3,
    "sigma_out": 1.0,
    "P0": 50.0,
    "kmax": 4,
    "condition_set": "movement_sweep",
    "early_A_values": "1,2,4,6,8",
    "late_D_values": "0.0375,0.075,0.15,0.3,0.6",
    "early_weight": 0.5,
    "late_weight": 0.5,
    "n_saccades": 32,
    "n_orientations": 12,
    "saccade_window": 0.15,
    "optimizer": "fast",
    "steps": 1600,
    "restarts": 2,
    "lr": 0.05,
    "smooth": 0.0,
    "entropy": 0.0,
    "device": "auto",
    "dtype": "float32",
    "patience": 20,
    "check_every": 25,
    "torch_threads": 1,
    "alpha_mode": "softmax",
    "alpha_floor": 0.0,
    "gain_delta_max": 0.5,
    "learn_baseline_mix": false,
    "baseline_mix_weight": 0.0,
    "kl_to_baseline_weight": 0.0,
    "share_floor": 0.0,
    "share_floor_weight": 0.0
  },
  "J_star": 1.5651157372411775,
  "fits": {
    "1": {
      "J": 1.4795646667480469,
      "regret": 0.054661178376450986,
      "centroids": [
        {
          "class": 0,
          "f_centroid": 1.7467272228341693,
          "omega_centroid": 54.165812656852864
        }
      ],
      "summary": [
        {
          "class": 0,
          "f_centroid": 1.746727222835916,
          "omega_centroid": 54.16581265690703,
          "high_f_fraction": 0.711852610504631,
          "high_omega_fraction": 0.33012978802647414,
          "f_cut": 1.0,
          "omega_cut": 50.0
        }
      ]
    },
    "2": {
      "J": 1.5354928970336914,
      "regret": 0.018926932687867618,
      "centroids": [
        {
          "class": 0,
          "f_centroid": 2.4442425247996344,
          "omega_centroid": 21.01905844361151
        },
        {
          "class": 1,
          "f_centroid": 1.4601733044498248,
          "omega_centroid": 76.82952022528114
        }
      ],
      "summary": [
        {
          "class": 0,
          "f_centroid": 2.4442425248020787,
          "omega_centroid": 21.019058443632527,
          "high_f_fraction": 0.9125165092116045,
          "high_omega_fraction": 0.07439491375473134,
          "f_cut": 1.0,
          "omega_cut": 50.0
        },
        {
          "class": 1,
          "f_centroid": 1.4601733044512852,
          "omega_centroid": 76.82952022535797,
          "high_f_fraction": 0.6155922778185773,
          "high_omega_fraction": 0.47373116265160753,
          "f_cut": 1.0,
          "omega_cut": 50.0
        }
      ]
    },
    "3": {
      "J": 1.554915189743042,
      "regret": 0.006517439736511717,
      "centroids": [
        {
          "class": 0,
          "f_centroid": 2.6850654134828846,
          "omega_centroid": 19.30212439678015
        },
        {
          "class": 1,
          "f_centroid": 1.5116461380085835,
          "omega_centroid": 81.55637330142444
        },
        {
          "class": 2,
          "f_centroid": 1.6392306515139567,
          "omega_centroid": 50.87364922782832
        }
      ],
      "summary": [
        {
          "class": 0,
          "f_centroid": 2.68506541348557,
          "omega_centroid": 19.302124396799456,
          "high_f_fraction": 0.9335031116400716,
          "high_omega_fraction": 0.041801739482094695,
          "f_cut": 1.0,
          "omega_cut": 50.0
        },
        {
          "class": 1,
          "f_centroid": 1.5116461380100952,
          "omega_centroid": 81.55637330150601,
          "high_f_fraction": 0.5902728845608679,
          "high_omega_fraction": 0.4589917957778981,
          "f_cut": 1.0,
          "omega_cut": 50.0
        },
        {
          "class": 2,
          "f_centroid": 1.6392306515155963,
          "omega_centroid": 50.8736492278792,
          "high_f_fraction": 0.791558217508328,
          "high_omega_fraction": 0.42954354069863554,
          "f_cut": 1.0,
          "omega_cut": 50.0
        }
      ]
    },
    "4": {
      "J": 1.5583159923553467,
      "regret": 0.004344563615350692,
      "centroids": [
        {
          "class": 0,
          "f_centroid": 2.684136740518114,
          "omega_centroid": 19.343189434147185
        },
        {
          "class": 1,
          "f_centroid": 1.409749248742832,
          "omega_centroid": 89.83376210665483
        },
        {
          "class": 2,
          "f_centroid": 1.6477296690554248,
          "omega_centroid": 51.06936842572924
        },
        {
          "class": 3,
          "f_centroid": 1.7549561411222114,
          "omega_centroid": 59.129751610608565
        }
      ],
      "summary": [
        {
          "class": 0,
          "f_centroid": 2.684136740520798,
          "omega_centroid": 19.34318943416653,
          "high_f_fraction": 0.9331790097084194,
          "high_omega_fraction": 0.04190806088781344,
          "f_cut": 1.0,
          "omega_cut": 50.0
        },
        {
          "class": 1,
          "f_centroid": 1.4097492487442418,
          "omega_centroid": 89.83376210674469,
          "high_f_fraction": 0.5591107375438084,
          "high_omega_fraction": 0.5005516842539062,
          "f_cut": 1.0,
          "omega_cut": 50.0
        },
        {
          "class": 2,
          "f_centroid": 1.6477296690570726,
          "omega_centroid": 51.06936842578031,
          "high_f_fraction": 0.7953408972389774,
          "high_omega_fraction": 0.4336623571040638,
          "f_cut": 1.0,
          "omega_cut": 50.0
        },
        {
          "class": 3,
          "f_centroid": 1.7549561411239663,
          "omega_centroid": 59.12975161066769,
          "high_f_fraction": 0.6853951154823162,
          "high_omega_fraction": 0.36023459328286506,
          "f_cut": 1.0,
          "omega_cut": 50.0
        }
      ]
    }
  }
}